1,"In the context of designing a national healthcare policy, outline two contrasting frameworks—one prioritizing universal access and equity, the other emphasizing innovation and cost-efficiency. For each framework, list the key assumptions, potential trade-offs, and metrics you would use to evaluate success. Then, propose a hybrid model that attempts to balance these competing priorities, explaining your rationale and anticipated challenges.",Llama-3.2-3B-Lora,"s.
- Healthcare services should be accessible to all, with no exclusions or waitlists.
- Priority should be given to those with the greatest health needs, with a focus on vulnerable populations (e.g., children, elderly, marginalized communities).
- Healthcare services should be publicly funded and managed to ensure equal distribution.

**Key Metrics for Evaluation:**
- Proportion of the population covered by public healthcare.
- Reduction in out-of-pocket healthcare expenses for low-income families.
- Access to specialized services and preventive care for historically underserved groups.
- Satisfaction and perceived health outcomes of the target population.

**Potential Trade-offs:**
- Higher costs due to increased funding and administrative burdens.
- Potential for inefficiencies in service delivery and long wait times.
- Potential strain on resources if not managed carefully.

**2. Innovation and Cost-Efficiency Framework**
- Emphasizes investing in new technologies and evidence-based practices to improve outcomes.
- Prioritizes cost-effectiveness and efficient use of resources.
- Encourages private sector involvement in healthcare delivery through competition and partnerships.
- Focuses on early intervention and prevention to reduce overall healthcare costs in the long run.

**Assumptions:**
- Healthcare should be efficient and technology-driven to reduce waste and improve outcomes.
- Private sector participation can enhance innovation and efficiency.
- Early intervention can reduce long-term health costs through preventive measures.

**Key Metrics for Evaluation:**
- Reduction in healthcare costs over time.
- Improvement in quality of care as measured by outcomes (e.g., survival rates, disease prevalence).
- Patient satisfaction with access to new treatments and technologies.
- Level of competition and innovation within the healthcare market.

**Potential Trade-offs:**
- Increased cost disparities if only those who can afford it has access to new treatments.
- Risk of unequal distribution of resources if not carefully managed.
- Potential for the private sector to prioritize profits over public health needs.

**Hybrid Model Attempt:**
Combine the principles by implementing a mixed model:
- **Publicly-funded core services** (universal access, preventative care, and core medical needs).
- **Private sector innovation hubs** for cutting-edge treatments and technologies, with negotiated contracts and transparent pricing.
- **Targeted subsidies** for those who cannot afford new treatments.
- **Performance metrics** include both cost-effectiveness and access metrics, ensuring that resources are used both efficiently and equitably.

**Rationale and Anticip"
2,"Imagine you are advising a multinational corporation on implementing a global remote work policy. Identify and compare at least three distinct cultural perspectives on work-life balance and communication styles that could influence policy design. Create a structured plan that addresses these differences while maintaining organizational cohesion, and justify your prioritization of certain values or practices over others.",Llama-3.2-3B-Lora,"Summary:**
This analysis examines three distinct cultural perspectives on work-life balance and communication styles, and outlines a structured policy framework that accommodates these differences while prioritizing organizational cohesion. The framework considers the values and practices of the Nordic, Asian, and Latin American cultures, and justifies prioritization decisions based on empirical evidence and organizational needs.

---

## 1. Nordic Perspective

**Key Values:**  
- Strong emphasis on work-life balance  
- Prioritization of employee well-being and self-care  
- Flexibility and trust in remote work  
- Collective responsibility for work-life integration  

**Communication Style:**  
- Emphasis on open, transparent, and collaborative communication  
- Regular check-ins and feedback  
- Encouragement of self-directed learning and autonomy  

**Policy Recommendations:  
- Flexible start and end times, with clear expectations  
- Regular virtual team meetings and check-ins  
- Encourage remote work hours that align with family responsibilities  
- Support for employee wellness programs and mental health initiatives  

**Justification:**  
The Nordic model prioritizes work-life balance and employee well-being, which fosters trust and reduces burnout. Regular, transparent communication maintains team cohesion and ensures that all team members feel heard and supported.

---

## 2. Asian Perspective

**Key Values:**  
- Long working hours as a sign of dedication and responsibility  
- Collectivism and social harmony  
- Hierarchy and authority-based decision-making  
- Group goals over individual flexibility  

**Communication Style:**  
- Respectful, hierarchical, and formal communication  
- Group consensus-building through meetings and shared goals  
- Focus on shared objectives and collective success  

**Policy Recommendations:  
- Standardized, scheduled work hours with limited flexibility  
- Mandatory team meetings and project updates  
- Emphasis on shared goals and team achievements  
- Incentives for teamwork and long working hours  

**Justification:**  
The Asian model values group harmony and authority, which can lead to more focused, collaborative work environments. Standardized schedules ensure clear expectations and shared effort, reducing conflicts and miscommunication.

---

## 3. Latin American Perspective

**Key Values:**  
- Familismo (family orientation)  
- Community and social responsibility  
- Spontaneity and adaptability  
- Informal, personal communication  

**Communication Style:**  
- Informal, expressive, and relational  
- Personal connections and trust  
- Adaptability in both work and personal life  

**Policy"
3,"You are tasked with developing an educational curriculum for teaching critical thinking to high school students. Compare two pedagogical approaches: one that emphasizes structured logical reasoning and formal argumentation, and another that focuses on open-ended inquiry and creative problem-solving. For each, detail the expected outcomes, potential limitations, and how you would assess student progress. Finally, design a blended curriculum outline incorporating elements from both approaches.",Llama-3.2-3B-Lora,"es and principles (e.g., deductive and inductive reasoning, syllogisms, logical fallacies)
- **Improved ability to construct** well-organized, logically sound arguments using formal structures (e.g., the Toulmin model)
- **Enhanced critical thinking** by evaluating the validity of arguments and identifying flaws
- **Increased confidence** in making well-supported claims

### Potential Limitations
- May result in overly rigid or formulaic thinking, neglecting contextual nuances
- Students might struggle with ambiguity or ambiguity in real-world scenarios
- Can be time-consuming and labor-intensive to craft and evaluate complex arguments

### Assessment Strategies
- Formal writing exercises: Students craft and evaluate logical arguments, identifying errors and strengthening them.
- Quizzes testing deductive reasoning and formal argumentation structures.
- Peer review: Students critique each other’s arguments, fostering critical thinking and communication skills.

---

**Pedagogical Approach 2: Open-Ended Inquiry and Creative Problem-Solving**

### Expected Outcomes
- **Fosters divergent thinking**, encouraging novel solutions and connections between seemingly unrelated concepts
- **Develops adaptability** and flexibility in tackling complex, real-world challenges
- **Enhances creativity** through the exploration of multiple paths and possibilities
- **Prepares students for ambiguity and uncertainty**

### Potential Limitations
- May lead to lack of clear, structured conclusions or resolution of problems.
- Students might struggle with evaluating the validity of their own ideas or those of others.
- Can be difficult to measure and quantify student progress.

### Assessment Strategies
- Projects requiring students to propose and justify novel solutions.
- Case studies or open-ended debates that encourage exploration and critical reflection.
- Reflection journals to track students’ thought processes and learning from mistakes.

---

**Blended Curriculum Outline: Combining Structured Logic and Open-Ended Inquiry**

**Year 1: Foundational Skills**

- **Quarter 1:** Introduce logical rules and argumentative structures (e.g., syllogisms, the Toulmin model).
- **Quarter 2:** Encourage students to apply logical reasoning to real-world scenarios.
- **Quarter 3:** Begin introducing open-ended inquiry with exploratory projects.
- **Quarter 4:** Combine structured argumentation and open-ended problem-solving in final assessments.

**Year 2: Depth and Application**

- **Quarter 1-2"
4,"Consider a city facing rising housing costs and gentrification pressures. As an urban planner, propose three policy interventions aimed at balancing affordability, community preservation, and economic development. For each intervention, analyze the ethical considerations, stakeholder conflicts, and possible unintended consequences. Present your recommendations in a comparative table highlighting these dimensions.",Llama-3.2-3B-Lora,"escription                 | Ethical Considerations | Stakeholder Conflicts | Unintended Consequences | Comparative Analysis |
|---------------------|--------------------------|----------------------|---------------------|---------------------|-------------------|
| **1. Community Land Trusts** | Establish non-profit trusts to acquire and hold land for affordable housing, while ensuring community involvement and decision-making. | Preserves community ownership and control, promotes equity, but may limit market efficiency. | Involves community, local government, developers, and financial institutions. | May reduce market-driven development, but can ensure long-term affordability and social cohesion. | Balances between community empowerment and market participation. |
| **2. Rent Control with Tenant Protection** | Implement rent freezes and limits on new constructions, while offering subsidies for moderate-income households. | Protects low-income households from displacement, but may limit supply and stifle market innovation. | Renters, landlords, developers, and government agencies | May lead to vacancy rates, reduced investment in new units, or increased waiting lists. | Weighs the trade-off between short-term protection and long-term supply. |
| **3. Inclusionary Zoning with Mixed-Income Development** | Mandate a percentage of new developments to include affordable units, encouraging mixed-income neighborhoods. | Fosters diversity, reduces segregation, but may increase housing costs and limit market flexibility. | Involves developers, residents, local government, and community groups. | May result in slower development, increased regulatory burden, but promotes social cohesion and affordability. | Balances between market-driven growth and social equity. |

---

**Ethical Considerations:**  
* Community Land Trusts: Preserving community autonomy, equity, and social cohesion.
* Rent Control: Protecting vulnerable populations from displacement, but risking market inefficiency and reduced supply.
* Inclusionary Zoning: Balancing social equity with market development and affordability.

**Stakeholder Conflicts:**  
* Community Land Trusts: Community, developers, financial institutions, local government.
* Rent Control: Landlords, tenants, developers, government agencies.
* Inclusionary Zoning: Developers, residents, local government, community groups.

**Unintended Consequences:**  
* Community Land Trusts: Reduced market development, increased waiting lists or vacancy rates.
* Rent Control: Reduced market efficiency, potential for increased vacancy or waiting lists.
* Inclusionary Zoning"
5,"You are evaluating two competing philosophical theories of justice—utilitarianism and Rawlsian justice—in the context of allocating scarce resources during a crisis. Define your own criteria for a “just” allocation, then argue how each theory would approach the problem differently. Conclude by proposing a novel synthesis or alternative framework that addresses perceived shortcomings in both.",Llama-3.2-3B-Lora,"the greatest good for the greatest number of people. The key principle is to maximize overall happiness or well-being. To define a “just” allocation, I would consider the following criteria:

1. **Total Utilitarianism**: The total sum of happiness or utility gained by all individuals should be maximized.
2. **Marginal Utility**: The marginal utility of each resource should be calculated, and resources should be allocated to those who would gain the most additional happiness per unit of resource.
3. **Resource Distribution**: Resources should be distributed based on their marginal utility, ensuring that the most utility-enhancing allocations are prioritized.

In practice, this might involve distributing emergency supplies (e.g., food, medicine) to those who need it most, based on their level of need, while also considering the overall impact on the population.

**Task 2: Rawlsian Justice in Resource Allocation**

In contrast, Rawlsian justice emphasizes fairness and the protection of basic rights. Rawls’ theory emphasizes that a just society should be one in which all citizens have the same basic rights and opportunities. To allocate resources, I would apply the following criteria:

1. **The Original Position**: In the original position, I would prioritize the protection and preservation of fundamental rights and dignity, ensuring that no one is forced to sacrifice their basic needs or freedoms for the benefit of others.
2. **Difference Principle**: Resources should be allocated in a way that maximizes the minimum basic needs of the least advantaged group, while also promoting equality of opportunity.
3. **Principle of Fairness**: Resources should be distributed in a way that is transparent, predictable, and just, with equal access to essential services and opportunities.

In practice, this might involve ensuring that everyone has access to basic necessities like food, shelter, healthcare, and education, regardless of background or social status.

**Task 3: Novel Synthesis—Hybrid Justice for Resource Allocation**

Both utilitarianism and Rawlsian justice have strengths and weaknesses. A hybrid approach could address perceived shortcomings as follows:

1. **Principles of Distributive Justice**: Combine the marginal utility of utilitarianism with Rawls’ protection of basic rights and equality of opportunity. Resources would be allocated to those who are in greatest need, but with the added safeguard that no individual or group is forced to sacrifice their fundamental rights or dignity.
2. **Prioritization Framework"
6,"A software development team must choose between a centralized monolithic architecture and a decentralized microservices architecture for a new product. List the technical, organizational, and user-experience factors influencing this decision. Create a decision matrix weighing these factors under different hypothetical scenarios (e.g., rapid scaling, frequent feature updates, limited developer expertise), and recommend an approach with justification.",Llama-3.2-3B-Lora,"ity**
   - Centralized: Scalability is generally easier to implement, as changes are centralized, but can become bottlenecked by single points of failure.
   - Decentralized: Scalability is more challenging but more robust against individual service failures.

2. **Maintainability**
   - Centralized: Easier to debug and maintain, but harder to adapt to changing requirements.
   - Decentralized: More challenging to debug and maintain due to the complexity of distributed systems, but more adaptable to change.

3. **Security**
   - Centralized: Easier to implement security measures as data and access control are centralized.
   - Decentralized: More challenging due to increased attack surface, but can be more secure if implemented correctly.

4. **Communication Overhead**
   - Centralized: Communication overhead is generally less, but data exchange can be slower.
   - Decentralized: More communication overhead due to inter-service communication, but faster data exchange.

5. **Resilience**
   - Centralized: Single point of failure can bring down the entire system.
   - Decentralized: More resilient to individual service failures, but more complex to manage failure recovery.

### Organizational Factors
1. **Development Efficiency**
   - Centralized: Faster to implement and integrate changes, as all changes are managed in one place.
   - Decentralized: Slower to implement changes due to communication overhead, but allows for more parallel development.

2. **Team Expertise**
   - Centralized: Requires less specialized knowledge, as everything is managed by a smaller team.
   - Decentralized: Requires more specialized knowledge, as each service needs to be expertly developed and maintained.

3. **Governance**
   - Centralized: Easier to enforce strict adherence to standards and policies.
   - Decentralized: More challenging to enforce uniformity, but can promote autonomy and innovation.

### User Experience
1. **Responsiveness**
   - Centralized: Can be slower to respond due to centralized processing.
   - Decentralized: Can be faster due to distributed processing, but may introduce latency.

2. **Interoperability**
   - Centralized: Easier to integrate with other systems, as all data is in one place.
   - Decentralized: More challenging due to inter-service communication, but promotes flexibility.

---

### Hypothetical Scenarios"
7,"As a policy analyst, you are asked to design a regulation for social media platforms to balance freedom of expression, misinformation control, and user privacy. Identify at least three conflicting objectives and propose a multi-layered regulatory framework. Explain how you would measure effectiveness and handle enforcement challenges, including potential trade-offs and ethical dilemmas.",Llama-3.2-3B-Lora,"2. **Misinformation Control:** Preventing the spread of false or misleading information that could cause harm or undermine public discourse.
3. **User Privacy:** Protecting users’ personal data and preventing unauthorized access or exploitation.

**Multi-layered Regulatory Framework:**
A robust regulatory framework would address these objectives through the following components:

1. **Transparency and Accountability:**
   - **Algorithmic Auditing:** Platforms must disclose how they moderate content, including data on decision-making processes and transparency reports on false information flagged or removed.
   - **Independent Oversight Bodies:** Independent review boards to address appeals from users and ensure impartiality.

2. **Content Moderation Guidelines:**
   - **Clear Principles:** Develop and regularly update guidelines that balance freedom of expression with the need to prevent harm, focusing on actionable falsehoods and hate speech.
   - **Human Oversight:** Require human moderators to review high-risk content and use AI as a tool to flag and flag suspicious content.

3. **Privacy Protections:**
   - **Data Collection Limitations:** Limit the types and amounts of user data collected, with opt-in requirements for sensitive information.
   - **Anonymization and Encryption:** Use end-to-end encryption for direct user communications and anonymize identifiable user data.
   - **Data Access Controls:** Restrict access to user data to authorized personnel, with mechanisms for users to report privacy violations.

4. **Education and Public Engagement:**
   - **Digital Literacy Programs:** Implement fact-checking initiatives and workshops for users to learn how to critically evaluate online information.
   - **Public Awareness Campaigns:** Promote media literacy and raise awareness about the risks and benefits of social media.

**Measuring Effectiveness:**
- **Metrics:** Track the rate of false information flagged and removed, the number of appeals resolved through independent review, and user engagement metrics (e.g., time spent on platform, user satisfaction).
- **Regular Audits:** Conduct quarterly audits of platform moderation practices and AI performance to ensure alignment with guidelines.

**Enforcement Challenges and Ethical Dilemmas:**
- **Balancing False Positives and Negatives:** Platforms must balance removing harmful content with the risk of over-censorship or chilling effect on free speech.
- **Cultural and Contextual Differences:** Enforcement should consider cultural and regional sensitivities to avoid exacerbating tensions or alienating users.
- **Resource Constraints:** Effective"
8,You are coaching a leader in,Llama-3.2-3B-Lora,"hallenge in organizational behavior and policy trade-offs:

**Question:**  
A multinational company is launching a new product line that has the potential to increase revenue by 15% in the next year. However, the production process will require significant investments in local manufacturing facilities in three different countries, each with varying levels of political stability. The company must decide whether to prioritize economic growth or social responsibility. In one country, the political stability ensures a stable supply chain but at the cost of increasing the product's carbon footprint. In another, the unstable political environment may lead to regulatory challenges but reduces the carbon footprint. In the third country, the stable political environment increases the carbon footprint but ensures timely delivery. What are the key considerations the leader should take into account, and how should they weigh these factors in making a decision?

**Design requirements:**  
This question should elicit a structured response that includes:

1. A clear statement of the problem and its context.
2. A list of relevant factors to consider, such as economic growth, political stability, carbon footprint, and regulatory challenges.
3. A comparative analysis of the trade-offs, including specific numbers and metrics where possible.
4. A decision-making rationale that explicitly justifies the leader's choice.
5. An explanation of how the decision aligns with the company's overall mission and values.

**Evaluation criteria:**  
The leader's response should demonstrate an ability to:

- Weigh competing priorities and values.
- Consider multiple stakeholders and perspectives.
- Make a decision that balances short-term and long-term goals.
- Justify their reasoning with specific metrics or evidence.

This question encourages the leader to think critically about organizational decision-making, prioritization, and the potential consequences of their choices."
